Zone,Duration
EarlyMorning,11.95016151
Morning,12.0875596
AfterNoon,12.20291419
Eveninng,10.64636119
LateEvening,9.446504993
Night,3.923076923
PastMidNight,11.2012987
