Zone,Stay
EarlyMorning,2.365020766
Morning,2.377546597
AfterNoon,2.342147868
Eveninng,2.369272237
LateEvening,2.330955777
Night,2.846153846
PastMidNight,2.409090909
